id;title;description;start_date;end_date
1;South compressing Solutions;out-of-the-box Seychelles product;2021-08-03T21:49:16;2021-08-03T21:57:27
2;Soft Mandatory Table;Turnpike;2021-08-04T01:28:56;2021-08-03T07:59:19
3;parsing Concrete;success grow solution-oriented;2021-08-03T15:08:01;2021-08-03T12:10:52
4;lime;Industrial collaboration matrix;2021-08-04T03:48:20;2021-08-03T08:05:51
5;Wooden SCSI Tools;SMS;2021-08-03T23:36:16;2021-08-03T21:49:43
6;Kuwaiti optical;Rustic;2021-08-03T12:35:14;2021-08-04T03:26:51
7;Data;Parkways hack;2021-08-03T13:30:29;2021-08-04T02:52:37
8;Cheese Israel Loan;Unbranded utilize Jamaican;2021-08-03T11:04:34;2021-08-04T02:08:35
9;Applications;Practical innovate Response;2021-08-03T22:36:42;2021-08-03T15:04:24
10;deposit viral local;Decentralized transform;2021-08-03T18:39:46;2021-08-03T14:14:10
